distance_bin,P_t_dB,MCS,numerology,protocol_type,num_lanes,success,PIR,cumulative_PRR,cumulative_PIR
20.0,23,11,0,0,2,1.0,0.1,1.0,0.1
40.0,23,11,0,0,2,1.0,0.1,1.0,0.1
60.0,23,11,0,0,2,0.998707453683757,0.1001294219154443,0.9995691512279188,0.1000431406384814
80.0,23,11,0,0,2,0.996984058595433,0.1003025064822817,0.9989228780697976,0.1001079820994315
100.0,23,11,0,0,2,0.993537268418785,0.1006504770164787,0.997845756139595,0.1002164810828409
120.0,23,11,0,0,2,0.9904012079378774,0.1009691821844713,0.9966049981059754,0.100341931266446
140.0,23,11,0,0,2,0.9880284728213976,0.1012116581159262,0.9953797802081786,0.1004661779592289
160.0,23,11,0,0,2,0.9897363872082974,0.1010370046938107,0.9946743560831934,0.1005375313010516
180.0,23,11,0,0,2,0.9897007805724196,0.101040639719575,0.9941217365819964,0.1005934322364431
200.0,23,11,0,0,2,0.9814231395980444,0.1018928492362187,0.9928518768836012,0.1007233739364206
220.0,23,11,0,0,2,0.9727114590128288,0.1028054096345143,0.99102092980444,0.1009126499089746
240.0,23,11,0,0,2,0.9659982563208368,0.1035198555956678,0.9889357070141398,0.1011299170495324
260.0,23,11,0,0,2,0.9584786399302528,0.104332006822058,0.9865928556999946,0.101376231647419
280.0,23,11,0,0,2,0.9481085795268724,0.1054731516614924,0.983843978830486,0.1016688687912814
300.0,23,11,0,0,2,0.9417782130808576,0.1061821123180032,0.9810395944471774,0.1019697516930628
320.0,23,11,0,0,2,0.9342349220198496,0.1070394583236049,0.9781143024204694,0.1022866083574717
340.0,23,11,0,0,2,0.9240974336668116,0.1082136973405507,0.9749368395526072,0.102635260650594
360.0,23,11,0,0,2,0.9155979392743616,0.109218244941937,0.9716402339815936,0.103000982000113
380.0,23,11,0,0,2,0.914088215931534,0.1093986316168527,0.9686111804000114,0.1033377004009941
400.0,23,11,0,0,2,0.9081474939280194,0.1101142718210552,0.9655879960764118,0.1036765289719971
420.0,23,11,0,0,2,0.905252659574468,0.1104663973558575,0.9627148848144144,0.1039998560378953
440.0,23,11,0,0,2,0.899955535793686,0.1111166007905138,0.9598621871316542,0.1043233444357416
460.0,23,11,0,0,2,0.8920093614175861,0.1121064467766116,0.9569120642745208,0.1046617401896924
480.0,23,11,0,0,2,0.887571316702092,0.1126670027728762,0.9540228664590028,0.1049952927973251
10.0,23,11,0,0,4,1.0,0.1,1.0,0.1
20.0,23,11,0,0,4,0.9989452589389304,0.1001055854714391,0.9994726294694652,0.1000527927357195
30.0,23,11,0,0,4,0.9965178854067744,0.1003494282083862,0.9984877147819016,0.1001516712266084
40.0,23,11,0,0,4,0.99656684096551,0.1003444986220055,0.9980074963278036,0.1001998780754577
50.0,23,11,0,0,4,0.996611605252012,0.1003399915002125,0.9977283181126452,0.1002279007604086
60.0,23,11,0,0,4,0.9946549534292972,0.1005373769619579,0.9972160906654208,0.1002794801273335
70.0,23,11,0,0,4,0.9914285714285714,0.100864553314121,0.9963893022030136,0.1003630620111603
80.0,23,11,0,0,4,0.990582508861965,0.1009507023447097,0.9956634530353824,0.100436517052854
90.0,23,11,0,0,4,0.989105716854408,0.1011014275784633,0.9949348156819408,0.1005103960001439
100.0,23,11,0,0,4,0.9857460788469692,0.1014460033327957,0.9940159419984438,0.1006039567334091
110.0,23,11,0,0,4,0.983457929059965,0.1016820313763545,0.9930561226404002,0.1007019635191314
120.0,23,11,0,0,4,0.9825278810408922,0.1017782822550132,0.9921787691737746,0.1007916567471216
130.0,23,11,0,0,4,0.980531914893617,0.1019854616469567,0.99128285730607,0.1008834878932627
140.0,23,11,0,0,4,0.9737038219951027,0.1027006341570085,0.9900272119267154,0.1010132840549588
150.0,23,11,0,0,4,0.9698066989722562,0.1031133318690973,0.9886791777297514,0.1011532872425681
160.0,23,11,0,0,4,0.9677161579031484,0.1033360858794384,0.9873689889905888,0.1012897121573725
170.0,23,11,0,0,4,0.9632650885050116,0.1038135827752255,0.9859511124914372,0.1014381751348932
180.0,23,11,0,0,4,0.9604420243433696,0.1041187260296815,0.9845339409276556,0.1015870946290481
190.0,23,11,0,0,4,0.9530890612463224,0.1049219889998877,0.9828789472602172,0.1017626153854081
200.0,23,11,0,0,4,0.9436355850551332,0.1059731124851097,0.9809167791499628,0.1019731402403932
210.0,23,11,0,0,4,0.9395660326814894,0.1064321149569481,0.9789476959847974,0.1021854723697529
220.0,23,11,0,0,4,0.930153961697334,0.1075090835688332,0.976729798971731,0.1024274546969839
230.0,23,11,0,0,4,0.9225768321513004,0.1083920563741191,0.9743753221534514,0.1026867852046854
240.0,23,11,0,0,4,0.9142105545713212,0.1093839920136238,0.9718684568375292,0.1029658354883912
250.0,23,11,0,0,4,0.9061404927489352,0.1103581627796287,0.9692393382739856,0.1032615285800407
260.0,23,11,0,0,4,0.8994485890366526,0.1111792282726289,0.966555078687934,0.1035660554912941
270.0,23,11,0,0,4,0.8946769913900471,0.1117721825444861,0.963892927306531,0.1038699861228938
280.0,23,11,0,0,4,0.8857437232254216,0.1128994734908779,0.9611018843036342,0.1041924678146075
290.0,23,11,0,0,4,0.8803409522775395,0.1135923527597903,0.9583170245785964,0.1045166017782345
300.0,23,11,0,0,4,0.871666485250898,0.1147227772227772,0.9554286732676732,0.1048568076263859
310.0,23,11,0,0,4,0.8665576451349142,0.1153991319116814,0.952561865908552,0.1051968826033309
320.0,23,11,0,0,4,0.8610534367828653,0.1161368107113395,0.9497022274983742,0.1055387553567062
330.0,23,11,0,0,4,0.8555106057292805,0.116889258099559,0.9468479359296138,0.1058827099852775
340.0,23,11,0,0,4,0.8520324312479457,0.1173664244840223,0.9440592446154472,0.1062204662940641
350.0,23,11,0,0,4,0.8424898362817272,0.1186957939354418,0.941157261520198,0.1065769042266749
360.0,23,11,0,0,4,0.8400928279367886,0.1190344646145751,0.938349916142881,0.1069229475707832
370.0,23,11,0,0,4,0.8347189890256069,0.119800796812749,0.9355490802748464,0.1072709975502958
380.0,23,11,0,0,4,0.8299482499582661,0.1204894401609118,0.9327701110559892,0.1076188513032068
390.0,23,11,0,0,4,0.8219629298794104,0.1216599877742308,0.9299289012822308,0.1079788804434894
400.0,23,11,0,0,4,0.8158484644698498,0.1225717818381645,0.9270768903619212,0.1083437029783563
410.0,23,11,0,0,4,0.8056853363354911,0.1241179347446377,0.9241161207515204,0.1087284403385095
420.0,23,11,0,0,4,0.8047648689943976,0.1242598973349272,0.9212744242811128,0.1090982369336623
430.0,23,11,0,0,4,0.7999317367313271,0.1250106670459394,0.9184525013148388,0.1094682934479013
440.0,23,11,0,0,4,0.7947693010507081,0.1258226756717919,0.915641519490654,0.1098399839529897
450.0,23,11,0,0,4,0.7882211262759491,0.1268679519825391,0.912809955196994,0.1102183832425353
460.0,23,11,0,0,4,0.7858667435823479,0.1272480364090141,0.9100503201618928,0.1105885930939805
470.0,23,11,0,0,4,0.7790515893694633,0.1283612040133779,0.907263113123756,0.11096673375184
480.0,23,11,0,0,4,0.7743998139859327,0.1291322624230596,0.9044951277250514,0.1113451822658237
490.0,23,11,0,0,4,0.7714202049780381,0.1296310355299119,0.9017793129751124,0.1117183629446827
0.0,23,11,0,0,6,1.0,0.1,1.0,0.1
10.0,23,11,0,0,6,0.9995655007603736,0.100043468811128,0.9997827503801868,0.100021734405564
20.0,23,11,0,0,6,0.9970334723206488,0.1002975354149792,0.9988663243603408,0.1001136680753691
30.0,23,11,0,0,6,0.9957533815665304,0.1004264729110725,0.998088088661888,0.1001918692842949
40.0,23,11,0,0,6,0.992858140323578,0.1007193232735236,0.9970420989942262,0.1002973600821407
50.0,23,11,0,0,6,0.9905689264498744,0.100952086553323,0.9959632369035007,0.100406481160671
60.0,23,11,0,0,6,0.988408301384164,0.1011727641906288,0.9948839604007385,0.1005159501649507
70.0,23,11,0,0,6,0.9850935074703407,0.101513205844584,0.9936601537844388,0.1006406071249049
80.0,23,11,0,0,6,0.9789795351421428,0.1021471812334468,0.9920289739352948,0.1008080042480762
90.0,23,11,0,0,6,0.974703671581382,0.1025952839982203,0.9902964436999036,0.1009867322230906
100.0,23,11,0,0,6,0.9678621163619264,0.103320502279692,0.9882569593964512,0.1011988931373271
110.0,23,11,0,0,6,0.9634567074191928,0.1037929356139619,0.9861902717316796,0.1014150633437133
120.0,23,11,0,0,6,0.9559968258766628,0.1046028577639874,0.9838676989736012,0.101660278299119
130.0,23,11,0,0,6,0.9516825788652122,0.1050770521818736,0.981568761823002,0.1019043335764586
140.0,23,11,0,0,6,0.9473108876257106,0.1055619663051004,0.9792849035431826,0.1021481757583681
150.0,23,11,0,0,6,0.9398957577356996,0.1063947774813982,0.9768230819302148,0.1024135883660575
160.0,23,11,0,0,6,0.9333217169077076,0.1071441906777024,0.9742641781053616,0.1026918590902719
170.0,23,11,0,0,6,0.9259286448392308,0.1079996828668833,0.9715788707016876,0.1029867381889725
180.0,23,11,0,0,6,0.9190125276344878,0.1088124448721032,0.9688122210665718,0.1032933543301899
190.0,23,11,0,0,6,0.9074545098806496,0.1101983613626563,0.9657443355072758,0.1036386046818133
200.0,23,11,0,0,6,0.8979850864667619,0.1113604240282685,0.9625177046005846,0.1040063103649778
210.0,23,11,0,0,6,0.8853919239904988,0.1129443326626425,0.9590119873001264,0.1044125841057807
220.0,23,11,0,0,6,0.8740079734714408,0.1144154321645529,0.9553161606119224,0.1048474905431186
230.0,23,11,0,0,6,0.8626765167364017,0.1159183054829297,0.9514561754504424,0.1053087744989441
240.0,23,11,0,0,6,0.8510159842790868,0.1175066060418501,0.947438567803588,0.1057966877606604
250.0,23,11,0,0,6,0.8388263211420393,0.1192141894925909,0.9432611737012208,0.1063127455195808
260.0,23,11,0,0,6,0.8296512723845428,0.1205325699225229,0.9390533995783812,0.1068394056826527
270.0,23,11,0,0,6,0.8192189842884151,0.1220674836861372,0.9347735990323108,0.1073832656113486
280.0,23,11,0,0,6,0.8082374966568602,0.1237260092653871,0.9304102851572952,0.1079468084959706
290.0,23,11,0,0,6,0.7999391565577822,0.1250095075109336,0.9260612475373116,0.1085155651298027
300.0,23,11,0,0,6,0.7899757693701944,0.1265861610916556,0.9216713934028884,0.109098487580185
310.0,23,11,0,0,6,0.7794782722684669,0.1282909396678579,0.9172278583674376,0.1096982517079248
320.0,23,11,0,0,6,0.7666094887457117,0.1304445111468878,0.9126636653485976,0.1103269262363782
330.0,23,11,0,0,6,0.7561848332114963,0.132242800447746,0.9080613467563298,0.1109715107720067
340.0,23,11,0,0,6,0.7443203770960513,0.1343507487866282,0.9033830333374648,0.1116394890009959
350.0,23,11,0,0,6,0.7362644694265603,0.1358207602736623,0.8987408510066063,0.1123111909807922
360.0,23,11,0,0,6,0.7268105105746635,0.1375874434189642,0.8940940850489861,0.1129943329385806
370.0,23,11,0,0,6,0.7232927453993774,0.1382566058294742,0.8895993129529437,0.1136591295936041
380.0,23,11,0,0,6,0.716618979494516,0.1395441690234569,0.8851639197873431,0.1143228485533439
390.0,23,11,0,0,6,0.7093401885175664,0.1409760811790287,0.8807683265055987,0.114989179368986
400.0,23,11,0,0,6,0.6962361461648194,0.1436294288236036,0.8762675416192383,0.1156877220386109
410.0,23,11,0,0,6,0.6920613039247486,0.1444958697053137,0.8718816788169884,0.1163736303163895
420.0,23,11,0,0,6,0.6844899042485861,0.1460941927401795,0.8675237305712117,0.1170648061867102
430.0,23,11,0,0,6,0.6788300540464164,0.1473122755893219,0.8632352379229208,0.1177522486731332
440.0,23,11,0,0,6,0.6706009794407709,0.1491199730775702,0.8589544766233176,0.118449309215454
450.0,23,11,0,0,6,0.6649964507912648,0.1503767424337561,0.8547379978008817,0.1191433838506345
460.0,23,11,0,0,6,0.6606929008130764,0.1513562501987471,0.8506093787160347,0.1198287639857007
470.0,23,11,0,0,6,0.6536675614887906,0.1529829624285476,0.8465064241904671,0.12051947645326
480.0,23,11,0,0,6,0.6499048149695872,0.1538686861470315,0.8424941464512655,0.1212000725694595
490.0,23,11,0,0,6,0.645016269909231,0.1550348489877199,0.8385445889204247,0.1218767680978247
20.0,23,4,0,0,2,1.0,0.1,1.0,0.1
40.0,23,4,0,0,2,0.9930262731106064,0.1007022701290217,0.9965131365553032,0.1003511350645108
60.0,23,4,0,0,2,0.9938371715861174,0.1006201044386423,0.9956211482322412,0.1004407915225546
80.0,23,4,0,0,2,0.9929451832630556,0.100710494079216,0.9949521569899448,0.10050821716172
100.0,23,4,0,0,2,0.9837009406422316,0.1016569120435248,0.9927019137204022,0.1007379561380809
120.0,23,4,0,0,2,0.9821602335387608,0.1018163804491413,0.990944967023462,0.1009176935232577
140.0,23,4,0,0,2,0.9808627959779436,0.1019510582010582,0.9895046568741022,0.1010653170486577
160.0,23,4,0,0,2,0.9779435614661044,0.1022553897180763,0.9880595199481024,0.1012140761323351
180.0,23,4,0,0,2,0.9725916315277328,0.1028180757045189,0.9863408656791725,0.1013922983070221
200.0,23,4,0,0,2,0.9704022056438534,0.1030500543160357,0.9847469996756406,0.1015580739079235
220.0,23,4,0,0,2,0.9649691858579306,0.1036302521008403,0.9829490166013034,0.1017464537436432
240.0,23,4,0,0,2,0.9621310411936426,0.1039359460598398,0.9812141853173316,0.1019289114366596
260.0,23,4,0,0,2,0.9592928965293546,0.1042434488588334,0.9795279323336412,0.1021069527768268
280.0,23,4,0,0,2,0.9563736620175154,0.1045616415126335,0.9778740558824892,0.1022822876865273
300.0,23,4,0,0,2,0.9562925721699644,0.1045705079284321,0.9764352903016544,0.1024348357026543
320.0,23,4,0,0,2,0.9424262082387284,0.1061091034245396,0.9743097226727212,0.1026644774352721
340.0,23,4,0,0,2,0.9233700940642232,0.1082989373847369,0.971313273931045,0.1029959162558289
360.0,23,4,0,0,2,0.910882257541356,0.1097836731060268,0.967955995242729,0.1033730138586176
380.0,23,4,0,0,2,0.9028543626337984,0.1107598347404347,0.9645295935264694,0.1037617939050291
400.0,23,4,0,0,2,0.8825008108984755,0.1133143434714692,0.9604281543950698,0.1042394213833511
420.0,23,4,0,0,2,0.8674180992539734,0.115284659250257,0.9559991041502556,0.104765385091299
440.0,23,4,0,0,2,0.8531462860849821,0.1172131926622944,0.9513239760563796,0.1053311945263442
460.0,23,4,0,0,2,0.8433344145313006,0.1185769230769231,0.9466287777292024,0.1059070957676737
480.0,23,4,0,0,2,0.828657152124554,0.1206771699774929,0.9417132933290084,0.1065225155264162
10.0,23,4,0,0,4,0.998069498069498,0.1001934235976789,0.998069498069498,0.1001934235976789
20.0,23,4,0,0,4,0.998069498069498,0.1001934235976789,0.998069498069498,0.1001934235976789
30.0,23,4,0,0,4,0.996138996138996,0.1003875968992248,0.9974259974259976,0.1002581480315275
40.0,23,4,0,0,4,0.9917514917514918,0.1008317112015572,0.996007371007371,0.1004015388240349
50.0,23,4,0,0,4,0.9886802386802388,0.101144936540339,0.9945419445419448,0.1005502183672957
60.0,23,4,0,0,4,0.9862232362232364,0.1013969214342913,0.9931554931554932,0.1006913355451283
70.0,23,4,0,0,4,0.9856089856089856,0.1014601139601139,0.9920774206488492,0.1008011610329834
80.0,23,4,0,0,4,0.979027729027729,0.1021421529084879,0.9904462091962092,0.1009687850174215
90.0,23,4,0,0,4,0.9755177255177256,0.1025096698749662,0.9887874887874888,0.1011399944460376
100.0,23,4,0,0,4,0.9698139698139698,0.1031125588128845,0.9868901368901368,0.1013372508827223
110.0,23,4,0,0,4,0.9682344682344682,0.1032807685336233,0.9851941670123489,0.1015139343055314
120.0,23,4,0,0,4,0.9702527202527202,0.1030659310843809,0.9839490464490463,0.1016432673704356
130.0,23,4,0,0,4,0.9622674622674624,0.1039212110158672,0.9822812322812324,0.1018184938046995
140.0,23,4,0,0,4,0.96007371007371,0.1041586692258477,0.9806949806949808,0.1019856491919244
150.0,23,4,0,0,4,0.9582309582309584,0.1043589743589743,0.9791973791973791,0.1021438708697277
160.0,23,4,0,0,4,0.9543699543699544,0.1047811695476278,0.9776456651456652,0.1023087020370965
170.0,23,4,0,0,4,0.944980694980695,0.1058222676200204,0.9757241963124316,0.1025153823655038
180.0,23,4,0,0,4,0.9384871884871884,0.1065544647031323,0.9736554736554736,0.1027397758287054
190.0,23,4,0,0,4,0.932081432081432,0.1072867633214084,0.9714673662042084,0.1029790909599003
200.0,23,4,0,0,4,0.9255001755001756,0.1080496823741348,0.9691690066690066,0.103232620530612
210.0,23,4,0,0,4,0.921990171990172,0.1084610259826782,0.966922395493824,0.1034815922188056
220.0,23,4,0,0,4,0.9108459108459108,0.1097880539499036,0.9643734643734644,0.1037682495702192
230.0,23,4,0,0,4,0.906019656019656,0.1103728813559322,0.9618363422711248,0.1040554074739458
240.0,23,4,0,0,4,0.8998771498771498,0.1111262798634812,0.9592547092547092,0.1043500271568431
250.0,23,4,0,0,4,0.8926816426816426,0.1120220190700875,0.9565917865917868,0.1046569068333729
260.0,23,4,0,0,4,0.8859248859248859,0.1128763866877971,0.953873828873829,0.1049730406739277
270.0,23,4,0,0,4,0.8790803790803791,0.1137552405669794,0.9511037011037012,0.1052983073366333
280.0,23,4,0,0,4,0.8739908739908739,0.1144176706827309,0.9483496715639572,0.1056239988847082
290.0,23,4,0,0,4,0.8668831168831169,0.1153558052434457,0.9455404800232386,0.1059595784143198
300.0,23,4,0,0,4,0.8616181116181116,0.1160606986454832,0.9427430677430678,0.1062962824220253
310.0,23,4,0,0,4,0.8492453492453492,0.1177516015705724,0.9397270123076574,0.106665808846172
320.0,23,4,0,0,4,0.8374868374868375,0.1194048616932103,0.9365320068445068,0.1070639042476419
330.0,23,4,0,0,4,0.8237100737100738,0.1214019388516032,0.9331131603858878,0.1074983901447316
340.0,23,4,0,0,4,0.8101088101088101,0.1234402079722703,0.9294953853777383,0.1079672671396593
350.0,23,4,0,0,4,0.7972972972972973,0.1254237288135593,0.9257182971468686,0.108466023187485
360.0,23,4,0,0,4,0.7836960336960337,0.1276004926659948,0.9217732342732342,0.1089975362285547
370.0,23,4,0,0,4,0.7691295191295191,0.1300171135196805,0.9176477284585391,0.1095656329120986
380.0,23,4,0,0,4,0.7517550017550018,0.1330220613983891,0.9132821303873936,0.1101829073459484
390.0,23,4,0,0,4,0.7400842400842401,0.1351197533791795,0.9088411588411588,0.1108223136544928
400.0,23,4,0,0,4,0.727974727974728,0.1373674059787849,0.904319498069498,0.1114859409626001
410.0,23,4,0,0,4,0.713934713934714,0.1400688298918387,0.8996759667491374,0.1121830845950205
420.0,23,4,0,0,4,0.6994559494559495,0.1429682599422908,0.8949088234802521,0.1129160649604317
430.0,23,4,0,0,4,0.6847139347139347,0.1460463924131744,0.8900205702531284,0.1136865376918909
440.0,23,4,0,0,4,0.6783081783081784,0.1474256144890038,0.8852089249816523,0.1144533348918252
450.0,23,4,0,0,4,0.6656721656721657,0.1502240970208278,0.8803303303303303,0.1152482407169142
460.0,23,4,0,0,4,0.6543524043524044,0.1528228510124715,0.8754177667221146,0.1160650800711654
470.0,23,4,0,0,4,0.6412776412776413,0.1559386973180076,0.8704360619254237,0.1169134549062046
480.0,23,4,0,0,4,0.6328536328536328,0.158014420410427,0.8654864279864279,0.1177697250208759
490.0,23,4,0,0,4,0.6236398736398736,0.1603489517377234,0.8605507840201718,0.1186386888314238
0.0,23,4,0,0,6,0.9990476190476192,0.100095328884652,0.9990476190476192,0.100095328884652
10.0,23,4,0,0,6,0.9962014326025612,0.1003813051530667,0.9976245258250902,0.1002383170188594
20.0,23,4,0,0,6,0.9901021080368908,0.1009996839601457,0.9951170532290238,0.1004921059992881
30.0,23,4,0,0,6,0.9856305292362456,0.101457896274265,0.9927454222308292,0.1007335535680324
40.0,23,4,0,0,6,0.9823012369247902,0.1018017653251275,0.9906565851696214,0.1009471959194514
50.0,23,4,0,0,6,0.9757169005491152,0.1024887443721861,0.9881666377328704,0.1012041206615738
60.0,23,4,0,0,6,0.9671259842519684,0.1033991451251781,0.9851608300927416,0.1015176955849459
70.0,23,4,0,0,6,0.9597078308136572,0.1041983787036709,0.981979205182856,0.1018527809747865
80.0,23,4,0,0,6,0.9555392111795532,0.1046529528354532,0.979041428071378,0.1021639111815272
90.0,23,4,0,0,6,0.9461703650680028,0.105689211681041,0.9757543217710404,0.1025164412314786
100.0,23,4,0,0,6,0.9369899785254115,0.106724727363013,0.9722302905668924,0.1028990126979818
110.0,23,4,0,0,6,0.928789083200848,0.1076670708223379,0.9686101899530554,0.1032963508750114
120.0,23,4,0,0,6,0.9219251137465504,0.1084686798406181,0.9650190302448626,0.1036942223339042
130.0,23,4,0,0,6,0.9138869005010736,0.109422730477011,0.9613667352631634,0.1041034014869833
140.0,23,4,0,0,6,0.9026664280601288,0.1107828948672706,0.9574533814496278,0.1045487010456691
150.0,23,4,0,0,6,0.8941073795132043,0.1118433896099201,0.9534942563286012,0.1050046190809348
160.0,23,4,0,0,6,0.8839135449955562,0.1131332363511894,0.9494012733090104,0.1054827730380086
170.0,23,4,0,0,6,0.8735504652827487,0.114475355430819,0.9451873395297736,0.1059823609487203
180.0,23,4,0,0,6,0.858840372226199,0.1164360726787798,0.9406427623032696,0.1065325563029339
190.0,23,4,0,0,6,0.847343666151078,0.1180158700592333,0.9359778074956602,0.1071067219907489
200.0,23,4,0,0,6,0.8380736848161715,0.119321250400476,0.9313157064156844,0.1076883662007359
210.0,23,4,0,0,6,0.8246241947029349,0.1212673611111111,0.9264660922469232,0.1083055932421166
220.0,23,4,0,0,6,0.8126521116678597,0.1230538856224262,0.921517658308703,0.1089468233456083
230.0,23,4,0,0,6,0.7990205252978976,0.1251532305289869,0.9164136110999196,0.1096220903115824
240.0,23,4,0,0,6,0.7870638692477107,0.1270544918998527,0.9112396214258311,0.1103193863751132
250.0,23,4,0,0,6,0.7722619899785255,0.1294897344394494,0.905894327908627,0.1110567074545108
260.0,23,4,0,0,6,0.756370794559771,0.1322102872285052,0.9003564192660768,0.1118401733720661
270.0,23,4,0,0,6,0.7422747178190341,0.1347210104283518,0.8947106442143966,0.1126573461240763
280.0,23,4,0,0,6,0.7309024399735378,0.1368171653711,0.8890620854474706,0.1134904433394909
290.0,23,4,0,0,6,0.7192913385826771,0.1390257252326218,0.8834030605519774,0.1143416194025953
300.0,23,4,0,0,6,0.7038296349319971,0.1420798372743452,0.8776103694029458,0.1152364006242647
310.0,23,4,0,0,6,0.6837973751993132,0.1462421524663677,0.8715537133340823,0.1162053303693304
320.0,23,4,0,0,6,0.6672004374316512,0.1498799976584909,0.8653611898218875,0.1172257748326383
330.0,23,4,0,0,6,0.6479599141016464,0.1543305346884666,0.858967034653645,0.1183170912989862
340.0,23,4,0,0,6,0.6301002147458841,0.1587049133768815,0.8524279826562804,0.1194710290726403
350.0,23,4,0,0,6,0.6092235986753343,0.1641433460841554,0.8456723053234764,0.1207119267674046
360.0,23,4,0,0,6,0.5942040306202155,0.1682923622978835,0.8388758654666315,0.1219978844844446
370.0,23,4,0,0,6,0.5734073013600572,0.1743961051120404,0.8318898506217216,0.1233767850272761
380.0,23,4,0,0,6,0.5566392269148175,0.1796495740234689,0.8248321423215447,0.1248196770528195
390.0,23,4,0,0,6,0.540659879798847,0.184959165154265,0.8177278357584772,0.1263231642553556
400.0,23,4,0,0,6,0.526636463052648,0.1898843073272026,0.8106280461802862,0.1278734360375958
410.0,23,4,0,0,6,0.5123836793128131,0.195166247555183,0.8035269898262987,0.1294756458356336
420.0,23,4,0,0,6,0.4950608446671439,0.2019953730480046,0.7963533585435276,0.1311621511196422
430.0,23,4,0,0,6,0.481724518582117,0.2075875238701464,0.7892027030898593,0.1328990914094264
440.0,23,4,0,0,6,0.4679346977034838,0.2137050329688674,0.7820634140812732,0.1346947789996362
450.0,23,4,0,0,6,0.4552612741589119,0.2196540880503145,0.7749590197351348,0.1365417205007379
460.0,23,4,0,0,6,0.4424838940586972,0.2259969263123837,0.7678850808909554,0.1384450227520495
470.0,23,4,0,0,6,0.4272660370415798,0.2340462178843117,0.76078885081076,0.140436714317305
480.0,23,4,0,0,6,0.4204811748164349,0.2378227754040498,0.753843796198631,0.1424241849517283
490.0,23,4,0,0,6,0.4111667859699355,0.2432103064066852,0.746990255994057,0.1444399073808275
20.0,23,11,0,2,2,1.0,0.1,1.0,0.1
40.0,23,11,0,2,2,0.99967362924282,0.1000326477309827,0.99983681462141,0.1000163238654913
60.0,23,11,0,2,2,0.9995647916439996,0.100043539784478,0.9997461402956066,0.1000253958384869
80.0,23,11,0,2,2,0.9991293938404614,0.1000871364775079,0.9995919536818202,0.1000408309982421
100.0,23,11,0,2,2,0.999129299085764,0.1000871459694989,0.9994994227626092,0.1000500939924935
120.0,23,11,0,2,2,0.9988029165306344,0.1001198518195685,0.9993833383906132,0.100061720297006
140.0,23,11,0,2,2,0.998693948628646,0.1001307759372275,0.9992848541389036,0.1000715853884662
160.0,23,11,0,2,2,0.9984756097560976,0.1001526717557251,0.9991836985910528,0.1000817211843736
180.0,23,11,0,2,2,0.9981487531307852,0.1001854680340388,0.9990687046510232,0.1000932486121141
200.0,23,11,0,2,2,0.9973864750081672,0.100262037340321,0.9989004816867376,0.1001101274849348
220.0,23,11,0,2,2,0.9954253349308354,0.1004595688806215,0.9985845592543828,0.1001418948845427
240.0,23,11,0,2,2,0.9935736847837926,0.100646787985091,0.9981669863818337,0.1001839693095884
260.0,23,11,0,2,2,0.990958605664488,0.1009123886995713,0.9976124955574224,0.1002400015703563
280.0,23,11,0,2,2,0.9894324000435776,0.101068046685752,0.9970282030207192,0.1002991476500274
300.0,23,11,0,2,2,0.9887775114404008,0.1011349862258953,0.9964781569153648,0.100354870221752
320.0,23,11,0,2,2,0.986049046321526,0.1014148336465126,0.9958263375032498,0.1004211179357995
340.0,23,11,0,2,2,0.984850136239782,0.1015382912793271,0.9951806786053986,0.1004868340148305
360.0,23,11,0,2,2,0.9837531348816922,0.1016515185103081,0.9945458150651928,0.1005515387090237
380.0,23,11,0,2,2,0.9827586206896552,0.1017543859649122,0.9939254364138488,0.1006148464593336
400.0,23,11,0,2,2,0.9814288835481756,0.1018922528940338,0.9933006087705648,0.1006787167810687
420.0,23,11,0,2,2,0.9786861952125916,0.102177797632343,0.9926046843154234,0.1007501015835103
440.0,23,11,0,2,2,0.9778945064565552,0.1022605192479856,0.9919360398672932,0.1008187569318955
460.0,23,11,0,2,2,0.9756925435234862,0.1024913028840758,0.9912298008958232,0.1008914763211208
480.0,23,11,0,2,2,0.9747696358051776,0.1025883412108935,0.9905439606837132,0.1009621790248613
10.0,23,11,0,2,4,0.9997826795610129,0.1000217367677426,0.9997826795610129,0.1000217367677426
20.0,23,11,0,2,4,0.99972831993045,0.1000271753899668,0.9997554997457312,0.1000244560788547
30.0,23,11,0,2,4,0.9992936701983156,0.1000706829056111,0.9996015565632592,0.1000398650211068
40.0,23,11,0,2,4,0.999293439860862,0.1000707059719351,0.99952452738766,0.1000475752588139
50.0,23,11,0,2,4,0.9990213668243354,0.1000979591836734,0.9994238952749952,0.1000576520437858
60.0,23,11,0,2,4,0.998532050236503,0.1001470107807906,0.9992752544352465,0.1000725451666199
70.0,23,11,0,2,4,0.9982059367184952,0.1001797287729426,0.9991224947614248,0.1000878571103803
80.0,23,11,0,2,4,0.9979885838543082,0.1002015470094781,0.9989807558980353,0.1001020683477675
90.0,23,11,0,2,4,0.9973357981731188,0.1002671318759199,0.9987979828174888,0.1001204087397845
100.0,23,11,0,2,4,0.9971712995702552,0.1002836724674049,0.9986353144927655,0.1001367351125465
110.0,23,11,0,2,4,0.9968440526716726,0.1003165938864628,0.99847247250903,0.1001530859101753
120.0,23,11,0,2,4,0.996626401131788,0.1003385018563005,0.998318633227593,0.100168537239019
130.0,23,11,0,2,4,0.996517006802721,0.1003495166839604,0.998180046579526,0.1001824587347838
140.0,23,11,0,2,4,0.9963527490473598,0.1003660602087089,0.9980495253272283,0.1001955731257784
150.0,23,11,0,2,4,0.9959170341335948,0.1004099704821252,0.9979073592476528,0.1002098662828682
160.0,23,11,0,2,4,0.9958603409771776,0.100415686703495,0.997779420605748,0.1002227300591574
170.0,23,11,0,2,4,0.995532795816082,0.1004487249644303,0.997647266206356,0.1002360238771146
180.0,23,11,0,2,4,0.9951503923278116,0.1004873240979028,0.9975085509908812,0.1002499850004917
190.0,23,11,0,2,4,0.9926442543453388,0.1007410253595345,0.997252535377958,0.100275829229915
200.0,23,11,0,2,4,0.989970565790908,0.1010131042836692,0.9968884368986056,0.1003126929826027
210.0,23,11,0,2,4,0.9875715453802126,0.1012584865043881,0.9964447753977296,0.1003577307693544
220.0,23,11,0,2,4,0.9847898380853732,0.1015445084145261,0.9959150055198952,0.1004116752077713
230.0,23,11,0,2,4,0.9816803882012975,0.101866148292141,0.9952961091147388,0.1004749131679613
240.0,23,11,0,2,4,0.978350965208856,0.1022128086505769,0.9945900614519936,0.100547325479737
250.0,23,11,0,2,4,0.9764397905759162,0.1024128686327077,0.9938640506169506,0.1006219472058558
260.0,23,11,0,2,4,0.9739841832560676,0.1026710717885541,0.9930994403338396,0.1007007596898057
270.0,23,11,0,2,4,0.9715797512546368,0.1029251586098478,0.9923024148123878,0.1007831448349925
280.0,23,11,0,2,4,0.9697151587907892,0.1031230656687862,0.9914957270973306,0.1008667134361994
290.0,23,11,0,2,4,0.9674215552523876,0.1033675541516245,0.9906655832406084,0.1009529493229382
300.0,23,11,0,2,4,0.9652876323545464,0.1035960646839308,0.9898196515444064,0.1010410531683046
310.0,23,11,0,2,4,0.962289893036455,0.1039187886349458,0.9889315948183436,0.1011338833446479
320.0,23,11,0,2,4,0.9603625245686832,0.1041273450824332,0.9880388113730416,0.1012274290239537
330.0,23,11,0,2,4,0.957295762341634,0.1044609241300627,0.9871072038266352,0.1013254137241388
340.0,23,11,0,2,4,0.9542251597749496,0.1047970690938233,0.9861400848839386,0.1014275212350118
350.0,23,11,0,2,4,0.9519956260251504,0.1050424994256834,0.9851645289165448,0.1015308063261739
360.0,23,11,0,2,4,0.951538714270069,0.10509293894228,0.9842304785096982,0.1016297544543991
370.0,23,11,0,2,4,0.949906828894004,0.1052734825755827,0.9833028123038684,0.1017282335928094
380.0,23,11,0,2,4,0.9499231276081704,0.105271676300578,0.9824243995487186,0.1018214820851191
390.0,23,11,0,2,4,0.9480255197448024,0.105482392527702,0.981542376989644,0.1019153515836469
400.0,23,11,0,2,4,0.9456988655138232,0.10574190542744,0.9806462892027484,0.1020110154297417
410.0,23,11,0,2,4,0.9427011525947168,0.106078156078156,0.9797207980659672,0.1021102139821421
420.0,23,11,0,2,4,0.9415111012923892,0.1062122367572006,0.978811043380882,0.102207881191072
430.0,23,11,0,2,4,0.938430049233833,0.1065609526055175,0.9778719504937412,0.1023091154100126
440.0,23,11,0,2,4,0.934356304010636,0.1070255528546866,0.9768829585282162,0.1024163071701189
450.0,23,11,0,2,4,0.9317980022197558,0.1073193972961705,0.9758810706102504,0.1025252647284756
460.0,23,11,0,2,4,0.930984663258502,0.1074131550674465,0.9749050617547776,0.1026315232141054
470.0,23,11,0,2,4,0.9261319390366004,0.1079759759759759,0.9738673357394972,0.1027452349749962
480.0,23,11,0,2,4,0.9229141138464966,0.1083524441762221,0.972805810283393,0.1028620518333551
490.0,23,11,0,2,4,0.919442119944212,0.1087616042715854,0.9717167553785118,0.1029824508627067
0.0,23,11,0,2,6,0.9994154705462104,0.1000584871328307,0.9994154705462104,0.1000584871328307
10.0,23,11,0,2,6,0.9982093439687448,0.1001793868232224,0.9988124072574776,0.1001189369780266
20.0,23,11,0,2,6,0.9981476907878488,0.1001855746628727,0.9985908351009348,0.1001411495396419
30.0,23,11,0,2,6,0.9976042730343256,0.1002401480256682,0.9983441945842824,0.1001658991611485
40.0,23,11,0,2,6,0.9969835438879432,0.1003025582649332,0.9980720644450144,0.1001932309819055
50.0,23,11,0,2,6,0.9961527892278098,0.1003862068965517,0.9977521852421471,0.1002253936343465
60.0,23,11,0,2,6,0.9950254107397348,0.100499945951789,0.9973626460275168,0.1002646153939811
70.0,23,11,0,2,6,0.994125159642401,0.1005909558067831,0.9969579602293772,0.1003054079455814
80.0,23,11,0,2,6,0.993367234136635,0.1006677053193857,0.9965589906635172,0.1003456632093374
90.0,23,11,0,2,6,0.9928944393604996,0.1007156410951477,0.9961925355332152,0.1003826609979184
100.0,23,11,0,2,6,0.9922438866745664,0.1007816740853327,0.9958335674551564,0.1004189349149561
110.0,23,11,0,2,6,0.99201636644878,0.1008047884915245,0.9955154673712916,0.1004510893796701
120.0,23,11,0,2,6,0.991235462666442,0.1008842033667743,0.9951862362401492,0.1004844058402166
130.0,23,11,0,2,6,0.99039447412444,0.1009698686863183,0.9948439675175988,0.1005190817577953
140.0,23,11,0,2,6,0.9890154377631436,0.1011106562969027,0.9944553988673016,0.1005585200604025
150.0,23,11,0,2,6,0.9883953386318202,0.1011740910660549,0.994076645102584,0.1005969932482557
160.0,23,11,0,2,6,0.9861880029678672,0.1014005440129637,0.9936126073299536,0.1006442609402974
170.0,23,11,0,2,6,0.985197990384096,0.1015024400943137,0.9931451286107394,0.100691937559965
180.0,23,11,0,2,6,0.9833234228877236,0.1016959401885599,0.9926281967305806,0.1007447798035752
190.0,23,11,0,2,6,0.9781965648854962,0.1022289421060332,0.9919066151383265,0.1008189879186981
200.0,23,11,0,2,6,0.9717795677116532,0.1029039952295766,0.9909481843084847,0.1009182739811209
210.0,23,11,0,2,6,0.9673230902402078,0.1033780760626398,0.9898743163962904,0.1010300831666445
220.0,23,11,0,2,6,0.9623325666350968,0.1039141804684644,0.988676849015369,0.1011554787015062
230.0,23,11,0,2,6,0.9571435314107708,0.1044775383401548,0.987362960781844,0.1012938978531166
240.0,23,11,0,2,6,0.9527232351566152,0.1049622768815555,0.9859773717568348,0.1014406330142541
250.0,23,11,0,2,6,0.9480470231323472,0.10548,0.9845185121943546,0.1015959932829367
260.0,23,11,0,2,6,0.9434627059843884,0.1059925308819304,0.9829979267791706,0.1017588280088253
270.0,23,11,0,2,6,0.9386867458610044,0.1065318120671615,0.9814153846035218,0.1019292917251945
280.0,23,11,0,2,6,0.9343715895348494,0.1070238020077025,0.9797931847735676,0.1021049644935568
290.0,23,11,0,2,6,0.9295682867227804,0.1075768197219301,0.978119021505208,0.1022873596678359
300.0,23,11,0,2,6,0.9248994674491904,0.1081198589894242,0.9764022616969494,0.102475504807242
310.0,23,11,0,2,6,0.9191834451901566,0.1087922117432309,0.974614173681112,0.1026729018989917
320.0,23,11,0,2,6,0.9158454048919497,0.1091887336725764,0.9728333018996224,0.102870351346676
330.0,23,11,0,2,6,0.9113228089275992,0.1097306015172331,0.9710241697533863,0.103072123410516
340.0,23,11,0,2,6,0.9058669717274064,0.1103914847555475,0.9691625355240728,0.103281248020374
350.0,23,11,0,2,6,0.8998221972674527,0.1111330664032031,0.9672364150169444,0.1034993540865637
360.0,23,11,0,2,6,0.8991664425920947,0.1112141148325358,0.965396686032489,0.1037078611337521
370.0,23,11,0,2,6,0.8958093041138023,0.1116309012875536,0.963565439139892,0.1039163621904311
380.0,23,11,0,2,6,0.8910092248382211,0.112232283586241,0.961705023388567,0.1041295909441698
390.0,23,11,0,2,6,0.8841293132011171,0.1131056266395417,0.9597656306338808,0.1043539918365541
400.0,23,11,0,2,6,0.8793764915566565,0.1137169357609069,0.9578049199246804,0.1045823563225139
410.0,23,11,0,2,6,0.8740424114577551,0.1144109241028898,0.9558105744849916,0.1048163698410943
420.0,23,11,0,2,6,0.8694974678613168,0.1150089605734767,0.9538032929356036,0.1050534068348707
430.0,23,11,0,2,6,0.8614074534755777,0.1160890814173053,0.9517033874933304,0.1053042176208351
440.0,23,11,0,2,6,0.8570470003354989,0.1166797153024911,0.9495999122231564,0.1055570064582052
450.0,23,11,0,2,6,0.8508466973197264,0.1175299855015157,0.9474531032035166,0.1058172886113207
460.0,23,11,0,2,6,0.8454966980469298,0.1182736730149234,0.9452838179874192,0.1060823180667165
470.0,23,11,0,2,6,0.8369239686986765,0.119485166801339,0.9430263211272368,0.1063615440820211
480.0,23,11,0,2,6,0.8379152171905304,0.1193438165919612,0.9408811965571,0.1066264884189586
490.0,23,11,0,2,6,0.8323332955960602,0.1201441784548422,0.9387102385378792,0.1068968422196763
20.0,23,4,0,2,2,1.0,0.1,1.0,0.1
40.0,23,4,0,2,2,0.99977856510186,0.1000221483942414,0.99988928255093,0.1000110741971207
60.0,23,4,0,2,2,0.9994464127546502,0.1000553893873933,0.9997416592855034,0.1000258459272116
80.0,23,4,0,2,2,0.9982285208148804,0.1001774622892635,0.9993633746678476,0.1000637500177245
100.0,23,4,0,2,2,0.995792736935341,0.1004225038914832,0.9986492471213464,0.1001355007924763
120.0,23,4,0,2,2,0.996014171833481,0.1004001778568252,0.9982100679067022,0.1001796136365344
140.0,23,4,0,2,2,0.9962356067316208,0.1003778617470549,0.9979280020245476,0.1002079347951802
160.0,23,4,0,2,2,0.9946855624446412,0.1005342831700801,0.9975226970770592,0.1002487283420427
180.0,23,4,0,2,2,0.9944641275465014,0.1005566688933422,0.9971828560181084,0.1002829439588537
200.0,23,4,0,2,2,0.9941319751992914,0.1005902661766343,0.9968777679362268,0.1003136761806318
220.0,23,4,0,2,2,0.9925819309123116,0.1007473508087005,0.9964872372976892,0.1003531011468199
240.0,23,4,0,2,2,0.991806908768822,0.100826077249386,0.9960972099202836,0.1003925158220337
260.0,23,4,0,2,2,0.9870460584588132,0.101312394840157,0.9954009675001704,0.1004632757465047
280.0,23,4,0,2,2,0.9867139061116031,0.1013464991023339,0.9947804631152728,0.100526363129064
300.0,23,4,0,2,2,0.9860496014171832,0.1014147765551313,0.9941984056687334,0.1005855906908018
320.0,23,4,0,2,2,0.9826173604960142,0.101769014084507,0.9934745903454384,0.1006595546529084
340.0,23,4,0,2,2,0.9764171833480956,0.1024152398231092,0.9924712134632416,0.1007628302511555
360.0,23,4,0,2,2,0.9678919397697076,0.1033173186913749,0.9911056982580454,0.1009047462756121
380.0,23,4,0,2,2,0.9629096545615587,0.1038519029550419,0.9896216959582304,0.1010598597850558
400.0,23,4,0,2,2,0.9578166519043402,0.1044041151311987,0.988031443755536,0.1012270725523629
420.0,23,4,0,2,2,0.949623560673162,0.1053048851579806,0.9862024969420896,0.1014212541050114
440.0,23,4,0,2,2,0.9455270150575732,0.1057611241217798,0.9843536114018844,0.1016185209239554
460.0,23,4,0,2,2,0.9381089459698848,0.1065974271214446,0.982342973774406,0.1018349951064549
480.0,23,4,0,2,2,0.9273693534100974,0.1078319006685769,0.9800524062592264,0.1020848661715433
10.0,23,4,0,2,4,0.9992555262856488,0.1000745028368387,0.9992555262856488,0.1000745028368387
20.0,23,4,0,2,4,0.997881113274539,0.1002123385939741,0.998568319780094,0.1001434207154065
30.0,23,4,0,2,4,0.9969075707250028,0.1003102022058823,0.9980147367617302,0.1001990145455651
40.0,23,4,0,2,4,0.9950750200435232,0.100494935543278,0.9972798075821784,0.1002729947949933
50.0,23,4,0,2,4,0.9923261940213034,0.1007733148661126,0.9962890848700034,0.1003730588092172
60.0,23,4,0,2,4,0.9901500400870462,0.1009947946790052,0.9952659107395108,0.1004766814541818
70.0,23,4,0,2,4,0.9892910319551024,0.1010824891461649,0.9944123566274524,0.1005632254101794
80.0,23,4,0,2,4,0.9880311533615852,0.1012113835275024,0.9936147062192188,0.1006442451748448
90.0,23,4,0,2,4,0.9848814568777918,0.1015350622165368,0.9926443451812824,0.1007432248461439
100.0,23,4,0,2,4,0.9833352422402932,0.1016947178382156,0.9917134348871836,0.1008383741453511
110.0,23,4,0,2,4,0.982361699690757,0.1017954995919319,0.990863277142054,0.1009253855495857
120.0,23,4,0,2,4,0.9812736227236284,0.1019083746717245,0.9900641392738518,0.1010073013097639
130.0,23,4,0,2,4,0.9789256671629823,0.1021528021528021,0.989207333726862,0.1010954167592284
140.0,23,4,0,2,4,0.977379452525484,0.1023144079217203,0.9883624850696204,0.1011824875565492
150.0,23,4,0,2,4,0.975031496964838,0.1025607893809467,0.9874737525293018,0.1012743743448424
160.0,23,4,0,2,4,0.9735425495361356,0.1027176470588235,0.9866030523422288,0.1013645788894662
170.0,23,4,0,2,4,0.9707364563051196,0.1030145714117161,0.9856697231635754,0.101461637273128
180.0,23,4,0,2,4,0.9685030351620662,0.1032521286660359,0.9847160182746024,0.1015611090171784
190.0,23,4,0,2,4,0.9664414156454014,0.1034723868215217,0.983754197083592,0.1016617025858281
200.0,23,4,0,2,4,0.9649524682166992,0.1036320474777448,0.9828141106402476,0.1017602198304239
210.0,23,4,0,2,4,0.9614591684801282,0.1040085770444934,0.9817972086326228,0.1018672844596653
220.0,23,4,0,2,4,0.9588248768755012,0.1042943319596249,0.9807530117345716,0.1019776048005726
230.0,23,4,0,2,4,0.9563623868972626,0.104562874251497,0.9796925497851234,0.102090007820178
240.0,23,4,0,2,4,0.9549307066773566,0.10471964017991,0.9786608063222998,0.1021995758351668
250.0,23,4,0,2,4,0.952926354369488,0.1049399038461538,0.9776314282441874,0.1023091889556063
260.0,23,4,0,2,4,0.9506356660176384,0.1051927710843373,0.9765931296970124,0.1024200959605575
270.0,23,4,0,2,4,0.9483449776657886,0.1054468599033816,0.975546901844004,0.1025321983288102
280.0,23,4,0,2,4,0.9452525483907914,0.1057918332727493,0.9744649606492466,0.1026486138625223
290.0,23,4,0,2,4,0.9424464551597757,0.1061068238439569,0.973360874253058,0.1027678624825718
300.0,23,4,0,2,4,0.939754896346352,0.1064107251675807,0.9722406749895012,0.1028892912387388
310.0,23,4,0,2,4,0.9359179933570038,0.106846968120908,0.9710689755820012,0.1030169582349378
320.0,23,4,0,2,4,0.9280723857519184,0.107750215969394,0.969725332149811,0.1031648725391395
330.0,23,4,0,2,4,0.9198831748940556,0.1087094565149723,0.9682149637481214,0.1033328902353769
340.0,23,4,0,2,4,0.9085442675523996,0.1100661834226284,0.9664599432717768,0.103530928270296
350.0,23,4,0,2,4,0.8993815141450006,0.1111875198981216,0.9645434167252974,0.1037496880310911
360.0,23,4,0,2,4,0.8881571412209369,0.1125926881165774,0.9624215757390652,0.1039953269223546
370.0,23,4,0,2,4,0.878536250143168,0.1138256958477283,0.9601544047770136,0.1042610125689863
380.0,23,4,0,2,4,0.8666246707135494,0.1153902068327496,0.9576930959858702,0.1045538861022432
390.0,23,4,0,2,4,0.8558011682510595,0.1168495717344753,0.9550804824542082,0.1048691600928133
400.0,23,4,0,2,4,0.8473828885580117,0.1180104075150368,0.9523880426068034,0.1051976912783689
410.0,23,4,0,2,4,0.8383919367770015,0.119275956284153,0.9496076497816864,0.1055410635955831
420.0,23,4,0,2,4,0.8250486771274768,0.1212049698063441,0.946641959956586,0.1059140137434584
430.0,23,4,0,2,4,0.8160577253464666,0.1225403508771929,0.9436051172912344,0.1063006727465685
440.0,23,4,0,2,4,0.8044897491696255,0.1243023917995444,0.9404434043793796,0.1067098027250452
450.0,23,4,0,2,4,0.7938953155423205,0.1259611916612565,0.9371867801830004,0.1071376113680721
460.0,23,4,0,2,4,0.7796357805520558,0.1282650213016013,0.933761758451893,0.1075969028883662
470.0,23,4,0,2,4,0.770243958309472,0.1298289962825279,0.9302826563212032,0.1080699261520718
480.0,23,4,0,2,4,0.759878593517352,0.1315999698545482,0.9267325716794564,0.1085601353958734
490.0,23,4,0,2,4,0.7478524796701409,0.1337162110421931,0.9230819575568172,0.1090735246947779
0.0,23,4,0,2,6,0.9985135135135136,0.1001488699418054,0.9985135135135136,0.1001488699418054
10.0,23,4,0,2,6,0.9968604157827748,0.1003149472250595,0.997686964648144,0.1002319085834324
20.0,23,4,0,2,6,0.9902655318281434,0.1009830159547092,0.9952131537081438,0.1004822777071913
30.0,23,4,0,2,6,0.9850462757143434,0.1015180732778074,0.9926714342096936,0.1007412265998454
40.0,23,4,0,2,6,0.9787089187349136,0.102175425282995,0.9898789311147376,0.1010280663364753
50.0,23,4,0,2,6,0.9750329753156208,0.1025606338776693,0.9874046051482184,0.1012834942600076
60.0,23,4,0,2,6,0.9698012656822472,0.1031139095592444,0.9848898423673652,0.1015449821598986
70.0,23,4,0,2,6,0.9659090909090908,0.1035294117647058,0.9825172484350808,0.1017930358604995
80.0,23,4,0,2,6,0.95858309071188,0.1043206384182473,0.9798578975769476,0.1020738805891381
90.0,23,4,0,2,6,0.9527589652492506,0.1049583406164423,0.9771480043441778,0.1023623265918685
100.0,23,4,0,2,6,0.9477906073054292,0.1055085366210794,0.974479150067928,0.1026483456854332
110.0,23,4,0,2,6,0.9450763397889128,0.1058115580613683,0.97202891587801,0.1029119467167611
120.0,23,4,0,2,6,0.9387672343876724,0.1065226781857451,0.969470324994138,0.1031896952912983
130.0,23,4,0,2,6,0.9352725657821694,0.106920702754036,0.9670276279075688,0.103456195824351
140.0,23,4,0,2,6,0.9308315754413234,0.107430820610687,0.9646145577431524,0.1037211708101068
150.0,23,4,0,2,6,0.9238161978175994,0.1082466406588643,0.9620646602478052,0.1040040126756541
160.0,23,4,0,2,6,0.91856505401597,0.1088654522211569,0.9595058598812268,0.1042899797077425
170.0,23,4,0,2,6,0.9122349283890308,0.1096208848049656,0.9568796970205492,0.1045861411020327
180.0,23,4,0,2,6,0.9083490618407905,0.1100898368269877,0.9543254530637196,0.1048758092980829
190.0,23,4,0,2,6,0.9008757767014042,0.1110030956389507,0.951652969245604,0.1051821736151263
200.0,23,4,0,2,6,0.8976877064547808,0.1113973147687717,0.9490831948269932,0.1054781327176809
210.0,23,4,0,2,6,0.894304429887865,0.1118187461204221,0.946593250966124,0.1057663424178055
220.0,23,4,0,2,6,0.887642944376596,0.1126579111944965,0.9440301941578836,0.106065975842879
230.0,23,4,0,2,6,0.8780476006191951,0.1138890419260646,0.9412809194271048,0.1063919369296784
240.0,23,4,0,2,6,0.8732394366197183,0.114516129032258,0.9385592601148092,0.1067169046137816
250.0,23,4,0,2,6,0.8670478516709226,0.1153338882130738,0.935808821328506,0.1070483270599082
260.0,23,4,0,2,6,0.8581936271788609,0.116523820304667,0.9329341845081488,0.1073992712541585
270.0,23,4,0,2,6,0.8513416559047209,0.1174616551491656,0.930020165629455,0.1077586421075516
280.0,23,4,0,2,6,0.8440319903425381,0.1184789215861551,0.9270550561368026,0.1081283069171587
290.0,23,4,0,2,6,0.8345175974242256,0.1198297079757866,0.9239704741797168,0.1085183536191129
300.0,23,4,0,2,6,0.826551571000333,0.1209845864535411,0.9208279289158656,0.108920490162159
310.0,23,4,0,2,6,0.8135432022445195,0.1229191021744213,0.917475281207386,0.1093579467875422
320.0,23,4,0,2,6,0.8023808802592918,0.1246290913209256,0.9139875720877468,0.1098207087430993
330.0,23,4,0,2,6,0.7888309092927723,0.1267698803659394,0.9103064937702476,0.1103192137908298
340.0,23,4,0,2,6,0.7714000222049517,0.1296344271732872,0.9063377374398106,0.1108710770303286
350.0,23,4,0,2,6,0.755337866755433,0.1323910853689247,0.9021432965874668,0.1114688550397341
360.0,23,4,0,2,6,0.741677520976585,0.1348294874412905,0.8978063837331186,0.1121002234830194
370.0,23,4,0,2,6,0.7271566559342734,0.1375219482403236,0.8933156014226227,0.1127692162397906
380.0,23,4,0,2,6,0.7140002220495171,0.1400559788524335,0.8887177711822867,0.1134688768196019
390.0,23,4,0,2,6,0.6980835988396975,0.1432493188010899,0.8839519168737219,0.1142133878691391
400.0,23,4,0,2,6,0.6846696755823464,0.146055833296465,0.8790913744032006,0.1149900328795617
410.0,23,4,0,2,6,0.670367491950705,0.1491719112288837,0.8741217581543317,0.1158038871259741
420.0,23,4,0,2,6,0.6576551571000333,0.152055372668186,0.8690876511530689,0.1166469449292814
430.0,23,4,0,2,6,0.6422559322839888,0.1557011698504368,0.8639323848151352,0.1175345409502167
440.0,23,4,0,2,6,0.6272074637264108,0.1594368781995557,0.8586718310131636,0.1184657040002021
450.0,23,4,0,2,6,0.6117464194515377,0.1634664246823956,0.853303887283563,0.1194439805367715
460.0,23,4,0,2,6,0.5977850560675031,0.1672842085712959,0.8478673164066255,0.1204618577289954
470.0,23,4,0,2,6,0.5822911217842027,0.1717354022049816,0.8423344790186585,0.1215300565722451
480.0,23,4,0,2,6,0.5698058340653682,0.1754983786082611,0.836772669937979,0.1226314508995107
490.0,23,4,0,2,6,0.5591761962917731,0.1788345080909361,0.8312207404650549,0.1237555120433392
20.0,23,11,0,6,2,1.0,0.1,1.0,0.1
40.0,23,11,0,6,2,0.9993192648059904,0.1000681198910081,0.9996596324029952,0.1000340599455041
60.0,23,11,0,6,2,0.9980712502836396,0.1001932476980789,0.9991301716965432,0.1000871225296956
80.0,23,11,0,6,2,0.9962559564329476,0.100375811411001,0.9984116178806444,0.100159294750022
100.0,23,11,0,6,2,0.994213750850919,0.1005819924683327,0.9975720444746994,0.1002438342936841
120.0,23,11,0,6,2,0.9936464715225776,0.1006394153916419,0.9969177823160124,0.1003097644766771
140.0,23,11,0,6,2,0.9922850011345586,0.1007774982849302,0.9962559564329476,0.1003765835921418
160.0,23,11,0,6,2,0.9914908100748808,0.1008582217645039,0.9956603131381891,0.1004367883636871
180.0,23,11,0,6,2,0.9896755162241888,0.1010432190760059,0.9949953357033002,0.1005041695539447
200.0,23,11,0,6,2,0.9886544134331744,0.1011475786091347,0.9943612434762876,0.1005685104594637
220.0,23,11,0,6,2,0.9851372815974586,0.1015086951514453,0.9935227014873032,0.1006539817950984
240.0,23,11,0,6,2,0.9824143408214204,0.1017900450398429,0.9925970047651465,0.1007486537321605
260.0,23,11,0,6,2,0.9816201497617428,0.1018723994452149,0.991752631303346,0.1008350957100877
280.0,23,11,0,6,2,0.9784433855230316,0.1022031539888682,0.9908019708904664,0.1009328141585721
300.0,23,11,0,6,2,0.9787837531200364,0.1021676133070592,0.9900007563724376,0.1010151341018045
320.0,23,11,0,6,2,0.975039709552984,0.1025599255294391,0.989065690946222,0.1011116835660317
340.0,23,11,0,6,2,0.9674381665532108,0.1033657792893163,0.987793483628986,0.1012442774321072
360.0,23,11,0,6,2,0.958134785568414,0.1043694493783303,0.9861457781811764,0.1014178980957863
380.0,23,11,0,6,2,0.9504197867029726,0.105216664677092,0.9842654628402182,0.1016178331790129
400.0,23,11,0,6,2,0.9415702291808488,0.1062055669357754,0.98213070115725,0.101847219866851
420.0,23,11,0,6,2,0.9334014068527344,0.1071350431506016,0.9798102585713204,0.1020990209756011
440.0,23,11,0,6,2,0.9238711141366008,0.1082402063121699,0.977267570187924,0.1023781657636269
460.0,23,11,0,6,2,0.919105967778534,0.1088013825453647,0.9747388048657768,0.1026574360584851
480.0,23,11,0,6,2,0.9094622191967324,0.1099550898203592,0.9720189471295666,0.1029615049652298
10.0,23,11,0,6,4,0.998502329709341,0.1001499916671296,0.998502329709341,0.1001499916671296
20.0,23,11,0,6,4,0.9968937208786331,0.1003115958157133,0.9976980252939872,0.1002307937414214
30.0,23,11,0,6,4,0.9951187042378522,0.1004905239687848,0.9968382516086088,0.1003173704838759
40.0,23,11,0,6,4,0.991679609496339,0.1008390200246112,0.9955485910805414,0.1004477828690597
50.0,23,11,0,6,4,0.9891280230752164,0.1010991475998205,0.9942644774794764,0.1005780558152119
60.0,23,11,0,6,4,0.9866873751941424,0.1013492241960872,0.9930016270985874,0.1007065838786911
70.0,23,11,0,6,4,0.9861326824938984,0.1014062324220947,0.9920203492979176,0.1008065336706059
80.0,23,11,0,6,4,0.9834146882627024,0.1016865023407975,0.9909446416685156,0.1009165297543799
90.0,23,11,0,6,4,0.9788662081207012,0.1021590071966906,0.9896025934965365,0.1010545828035255
100.0,23,11,0,6,4,0.977867761260262,0.1022633161268364,0.9884291102729088,0.1011754561358566
110.0,23,11,0,6,4,0.974484135788773,0.1026183970856102,0.9871613853198056,0.1013066325858342
120.0,23,11,0,6,4,0.97243177279787,0.1028349780389025,0.9859339176096444,0.1014339947069232
130.0,23,11,0,6,4,0.9708231639671622,0.103005370814764,0.984771551944838,0.1015548697921417
140.0,23,11,0,6,4,0.9711005103172842,0.1029759524761524,0.9837950489714412,0.1016563756981425
150.0,23,11,0,6,4,0.9687153317062348,0.1032295006871278,0.9827897344870942,0.1017612506974082
160.0,23,11,0,6,4,0.9669957843354782,0.1034130671714564,0.981802612602618,0.1018644892270362
170.0,23,11,0,6,4,0.9657199911249168,0.1035496840896036,0.9808565760451062,0.101963618336599
180.0,23,11,0,6,4,0.9641668515642334,0.1037164883212518,0.9799293691295023,0.102061000002413
190.0,23,11,0,6,4,0.9646106057244288,0.1036687751581368,0.979123118423972,0.1021456197474511
200.0,23,11,0,6,4,0.960561349012647,0.1041057919963042,0.9781950299534058,0.1022436283598938
210.0,23,11,0,6,4,0.9586199245617928,0.1043166300196736,0.9772628820776148,0.1023423427246452
220.0,23,11,0,6,4,0.9564011537608164,0.104558635889108,0.9763146216995784,0.1024430833230299
230.0,23,11,0,6,4,0.9538495673396938,0.1048383344963945,0.9753378802056704,0.1025472246783936
240.0,23,11,0,6,4,0.9509096960284004,0.1051624569795251,0.974320039198284,0.1026561926909407
250.0,23,11,0,6,4,0.9476924783669848,0.1055194615159496,0.9732549367650322,0.1027707234439411
260.0,23,11,0,6,4,0.9459174617262036,0.1057174690670263,0.9722034954173848,0.1028840598140597
270.0,23,11,0,6,4,0.9438096294652762,0.1059535703790773,0.971151870752492,0.1029977453905418
280.0,23,11,0,6,4,0.9418127357443976,0.1061782201543082,0.9701040445022028,0.1031113337749621
290.0,23,11,0,6,4,0.9404260039937874,0.1063347882505603,0.9690806637950162,0.1032224873775689
300.0,23,11,0,6,4,0.936543155092079,0.1067756455816157,0.9679960801715848,0.1033409259843705
310.0,23,11,0,6,4,0.9348790769913468,0.1069657054705114,0.966927789746416,0.1034578543548911
320.0,23,11,0,6,4,0.9308298202795652,0.1074310231809785,0.9657997282005768,0.1035820158807064
330.0,23,11,0,6,4,0.9260039937874418,0.107990894932311,0.9645937968547242,0.1037156182762095
340.0,23,11,0,6,4,0.9155757710228534,0.1092208893735611,0.9631520902126104,0.1038775380143669
350.0,23,11,0,6,4,0.9055358331484358,0.1104318529862174,0.9615059114393484,0.1040648041564198
360.0,23,11,0,6,4,0.8941646327934324,0.1118362282878412,0.9596353203658506,0.1042806770489593
370.0,23,11,0,6,4,0.8876192589305525,0.1126609173853268,0.9576889403270588,0.1045071700310233
380.0,23,11,0,6,4,0.8782449522964277,0.113863449756837,0.955598309063095,0.1047533879185447
390.0,23,11,0,6,4,0.8638784113601065,0.1157570309490176,0.9532465168143004,0.1050355326116337
400.0,23,11,0,6,4,0.8540048812957621,0.1170953494414133,0.9507654759263368,0.1053370280323782
410.0,23,11,0,6,4,0.846072775682272,0.1181931423326558,0.9482119954325792,0.1056505917957996
420.0,23,11,0,6,4,0.8368648768582205,0.1194936037648306,0.9455608735617612,0.1059801873188718
430.0,23,11,0,6,4,0.8262702462835589,0.1210257787325456,0.9427866729273842,0.1063300847936084
440.0,23,11,0,6,4,0.8204459729309962,0.1218849300250152,0.9400062024729208,0.1066836040034131
450.0,23,11,0,6,4,0.8137896605280674,0.1228818758094199,0.937201390429702,0.1070435655991021
460.0,23,11,0,6,4,0.8079099179054804,0.1237761757638173,0.9343907062443928,0.1074073179939873
470.0,23,11,0,6,4,0.801031728422454,0.1248390000692473,0.9315532811843514,0.1077782048466524
480.0,23,11,0,6,4,0.793266030619037,0.1260611146073701,0.928672296797574,0.1081590988000006
490.0,23,11,0,6,4,0.7868870645662303,0.1270830396165233,0.9257787206295874,0.1085453016738072
0.0,23,11,0,6,6,0.9994525297686938,0.100054777011914,0.9994525297686938,0.100054777011914
10.0,23,11,0,6,6,0.997316585783614,0.1002690634302725,0.998384557776154,0.1001619202210932
20.0,23,11,0,6,6,0.995077563047058,0.1004946787201059,0.9972822261997886,0.1002728397207641
30.0,23,11,0,6,6,0.9905998456279634,0.1009489355781271,0.9956116310568324,0.1004418636851049
40.0,23,11,0,6,6,0.9866574504629048,0.101352298057531,0.9938207949380468,0.1006239505595901
50.0,23,11,0,6,6,0.9822832750264788,0.1018036268583564,0.9918978749527856,0.1008205632760512
60.0,23,11,0,6,6,0.9788416610143944,0.1021615691105422,0.9900327015330151,0.1010121355381213
70.0,23,11,0,6,6,0.9750411213616534,0.1025597770280181,0.988158754011595,0.1012055907243584
80.0,23,11,0,6,6,0.9705700123915736,0.1030322374720715,0.9862044493871482,0.1014085514741043
90.0,23,11,0,6,6,0.9677066847539376,0.1033370974650519,0.9843546729238272,0.101601406073199
100.0,23,11,0,6,6,0.963938503278318,0.103741057816348,0.9824986575015082,0.1017959198680308
110.0,23,11,0,6,6,0.9618762196821856,0.1039634809071806,0.9807801210165646,0.1019765499546266
120.0,23,11,0,6,6,0.9574217369103264,0.1044471794871794,0.9789833222391616,0.1021665983802076
130.0,23,11,0,6,6,0.9545557314040244,0.1047607768829938,0.977238494322366,0.1023518968446923
140.0,23,11,0,6,6,0.9525397543145678,0.1049824950056372,0.9755919116551796,0.102527270055422
150.0,23,11,0,6,6,0.9486577523731756,0.1054120938239724,0.9739085267000545,0.1027075715409564
160.0,23,11,0,6,6,0.944228739820401,0.105906541267766,0.972162656883604,0.1028957462307687
170.0,23,11,0,6,6,0.9417439143869168,0.1061859795134443,0.9704727267448992,0.1030785369686951
180.0,23,11,0,6,6,0.938729369206421,0.1065269749518304,0.9688020237165584,0.1032600337046496
190.0,23,11,0,6,6,0.9351051091005854,0.1069398498915092,0.9671171779857596,0.1034440245139926
200.0,23,11,0,6,6,0.9302320887991928,0.1075000542381706,0.9653607451673516,0.1036371687865725
210.0,23,11,0,6,6,0.9272364157057804,0.1078473605071727,0.9636278211009168,0.1038285411375089
220.0,23,11,0,6,6,0.922036325269425,0.1084555968776819,0.9618194951951996,0.1040297174740381
230.0,23,11,0,6,6,0.9191623656267464,0.1087947067238912,0.960042114796514,0.104228258692782
240.0,23,11,0,6,6,0.9129179794694584,0.1095388657567188,0.958157149383432,0.1044406829753395
250.0,23,11,0,6,6,0.9058331449242596,0.1103956071384001,0.9561446876734636,0.1046697185200726
260.0,23,11,0,6,6,0.9014997362272968,0.1109262665106169,0.954120800582865,0.1049014425197224
270.0,23,11,0,6,6,0.8970134217282506,0.111481052097674,0.9520812513380572,0.1051364285760778
280.0,23,11,0,6,6,0.8887046250230329,0.1125233257308729,0.9498958504306428,0.1053911491676225
290.0,23,11,0,6,6,0.882583465219685,0.1133037315344547,0.947652104256944,0.1056549019131835
300.0,23,11,0,6,6,0.8749528977315547,0.11429186674993,0.9453069685625768,0.1059335136821108
310.0,23,11,0,6,6,0.8675586581345743,0.1152659812248547,0.9428773338617016,0.1062251532928216
320.0,23,11,0,6,6,0.8546186719263642,0.1170112510818348,0.94020282895457,0.1065520047409735
330.0,23,11,0,6,6,0.8435827869470194,0.1185420109885201,0.9373610630131716,0.1069046519835484
340.0,23,11,0,6,6,0.8290187655437485,0.1206245312606531,0.9342655687997596,0.1072966485343228
350.0,23,11,0,6,6,0.8117122357960054,0.1231963688485427,0.9308613095496552,0.10773830743194
360.0,23,11,0,6,6,0.7998233070348455,0.1250276143748876,0.92731974191412,0.1082055859979656
370.0,23,11,0,6,6,0.7853643831486924,0.127329430956722,0.9235840745781876,0.1087088450758277
380.0,23,11,0,6,6,0.7693119300625518,0.1299862852664577,0.919628378564966,0.109254420465331
390.0,23,11,0,6,6,0.7511796263977765,0.1331239512971647,0.9154171597607864,0.1098511587361268
400.0,23,11,0,6,6,0.7385355029585798,0.1354031046569855,0.9111029730095132,0.1104743769293185
410.0,23,11,0,6,6,0.7254502976863366,0.1378454186578017,0.906682671216104,0.1111260683990443
420.0,23,11,0,6,6,0.7131848669831939,0.1402160991202811,0.902182722280455,0.1118025807413986
430.0,23,11,0,6,6,0.6976278197918686,0.1433429074400074,0.8975337472238962,0.1125194063481852
440.0,23,11,0,6,6,0.6860823471400395,0.1457550983739107,0.8928348272220327,0.1132579772820902
450.0,23,11,0,6,6,0.6775190293164519,0.1475973303670745,0.888154049006694,0.1140044849578507
460.0,23,11,0,6,6,0.6683246665159394,0.1496278755074425,0.8834768281026354,0.1147624294376293
470.0,23,11,0,6,6,0.6578437075819275,0.1520117907148121,0.8787761380917872,0.1155384577975706
480.0,23,11,0,6,6,0.64965483234714,0.1539278937381404,0.8741001930765905,0.1163219156739087
490.0,23,11,0,6,6,0.6424372597784309,0.1556572232975541,0.8694669344106272,0.1171086218263817
20.0,23,4,0,6,2,1.0,0.1,1.0,0.1
40.0,23,4,0,6,2,1.0,0.1,1.0,0.1
60.0,23,4,0,6,2,0.9979633401221996,0.100204081632653,0.9993211133740666,0.1000680272108843
80.0,23,4,0,6,2,0.9979633401221996,0.100204081632653,0.9989816700610998,0.1001020408163265
100.0,23,4,0,6,2,0.993550577053632,0.1006491288008199,0.997895451459606,0.1002114584132252
120.0,23,4,0,6,2,0.9933242815116542,0.1006720583209932,0.9971335898016142,0.1002882250645199
140.0,23,4,0,6,2,0.9850644942294636,0.1015161957270847,0.995409433291307,0.1004636494448863
160.0,23,4,0,6,2,0.9830278343516632,0.1017265193370165,0.9938617334238516,0.1006215081814026
180.0,23,4,0,6,2,0.9822357999547408,0.101808547402373,0.9925699630383948,0.100753401428177
200.0,23,4,0,6,2,0.9829146865806744,0.1017382295383907,0.9916044353926228,0.1008518842391984
220.0,23,4,0,6,2,0.981896356641774,0.1018437427978797,0.9907218827789092,0.1009420531990785
240.0,23,4,0,6,2,0.982122652183752,0.1018202764976958,0.9900052802293128,0.1010152384739633
260.0,23,4,0,6,2,0.9792939579090292,0.1021143847487001,0.9891813323585216,0.1010997881874046
280.0,23,4,0,6,2,0.9791808101380404,0.102126184423388,0.988467009342773,0.1011731022042605
300.0,23,4,0,6,2,0.9797465489929847,0.1020672133040766,0.9878856453194538,0.1012327096109149
320.0,23,4,0,6,2,0.9726182394206834,0.1028152629129827,0.9869314324507809,0.1013316191922942
340.0,23,4,0,6,2,0.9640190088255262,0.1037323943661971,0.9855836428257656,0.1014728412613473
360.0,23,4,0,6,2,0.9613034623217924,0.1040254237288135,0.9842347439088784,0.1016146513984288
380.0,23,4,0,6,2,0.959040506902014,0.1042708824917413,0.9829087314348328,0.1017544530349189
400.0,23,4,0,6,2,0.9532699705815796,0.1049020771513353,0.9814267933921702,0.1019118342407397
420.0,23,4,0,6,2,0.9368635437881874,0.1067391304347826,0.9793047338872188,0.1021417054880751
440.0,23,4,0,6,2,0.92204118578864,0.1084550251564609,0.9767018453372832,0.1024286745639108
460.0,23,4,0,6,2,0.9108395564607378,0.1097888198757763,0.973838267560042,0.102748680881818
480.0,23,4,0,6,2,0.9011088481556914,0.1109743847312908,0.9708078750848608,0.1030914185422127
10.0,23,4,0,6,4,1.0,0.1,1.0,0.1
20.0,23,4,0,6,4,0.9941378166132064,0.1005896751223854,0.9970689083066032,0.1002948375611927
30.0,23,4,0,6,4,0.9938059949120672,0.1006232609905398,0.9959812705084246,0.1004043120376417
40.0,23,4,0,6,4,0.9908749032186706,0.1009209130992911,0.994704678685986,0.1005334623030541
50.0,23,4,0,6,4,0.9860634885521512,0.1014133482893999,0.9929764406592192,0.1007094395003232
60.0,23,4,0,6,4,0.9809202521844927,0.1019450865422563,0.9909670759134316,0.1009153806739787
70.0,23,4,0,6,4,0.9793164472956531,0.1021120397560424,0.989302700396606,0.1010863319714164
80.0,23,4,0,6,4,0.973896692843712,0.1026802952867688,0.9873769494524942,0.1012855773858354
90.0,23,4,0,6,4,0.9710209047671716,0.1029843945779701,0.9855596111541252,0.1014743348516282
100.0,23,4,0,6,4,0.9691405817940494,0.1031842045195161,0.9839177082181176,0.101645321818417
110.0,23,4,0,6,4,0.9670390443535009,0.1034084410385451,0.982383284230425,0.1018056053838832
120.0,23,4,0,6,4,0.963499612874682,0.1037883136264493,0.9808096449507796,0.1019708310707637
130.0,23,4,0,6,4,0.959407145227298,0.1042310352778418,0.9791632988182044,0.1021446929328466
140.0,23,4,0,6,4,0.9559783209821924,0.1046048825639245,0.9775072289727748,0.1023204207636379
150.0,23,4,0,6,4,0.951775246101095,0.1050668216153399,0.975791763447996,0.1025035141537513
160.0,23,4,0,6,4,0.9502820484459684,0.1052319152650875,0.9741974062603694,0.1026740392232099
170.0,23,4,0,6,4,0.9481805110054198,0.1054651501895596,0.9726670006571372,0.1028382222212304
180.0,23,4,0,6,4,0.940880433580356,0.1062834303179921,0.9709010802639828,0.1030296226710505
190.0,23,4,0,6,4,0.9364008406149762,0.1067918733758563,0.9690852781771928,0.1032276358660403
200.0,23,4,0,6,4,0.933525052538436,0.1071208530805687,0.9673072668952548,0.1034222967267667
210.0,23,4,0,6,4,0.9273863510673598,0.1078299242650128,0.9654062709034504,0.1036321837523975
220.0,23,4,0,6,4,0.9256166353279504,0.1080360877098643,0.963597651104564,0.1038323612050096
230.0,23,4,0,6,4,0.9211370423625704,0.1085614793467819,0.9617515376809992,0.1040379750372606
240.0,23,4,0,6,4,0.9188142904545956,0.1088359215119778,0.9599624857132324,0.1042378894737072
250.0,23,4,0,6,4,0.91394757217122,0.1094154665375771,0.9581218891715518,0.1044449925562619
260.0,23,4,0,6,4,0.9116248202632452,0.1096942489686969,0.9563335403673862,0.1046468870336633
270.0,23,4,0,6,4,0.905486118792169,0.1104379160813534,0.9544503025312672,0.1048613695909851
280.0,23,4,0,6,4,0.9003981860413671,0.1110619740802162,0.9525198697994848,0.1050828197513148
290.0,23,4,0,6,4,0.8974117907311138,0.111431564676157,0.9506195912109204,0.1053017419901025
300.0,23,4,0,6,4,0.8914390001106073,0.1121781748247409,0.94864690484091,0.1055309564179238
310.0,23,4,0,6,4,0.8884526048003539,0.1125552443199502,0.9467051532266983,0.1057575463502472
320.0,23,4,0,6,4,0.8837517973675478,0.113153942428035,0.9447378608561,0.1059886837276781
330.0,23,4,0,6,4,0.8777790067470412,0.1139238911290322,0.942708804670977,0.1062291445580221
340.0,23,4,0,6,4,0.8724698595288132,0.114617139959432,0.9406429533432664,0.1064758503051224
350.0,23,4,0,6,4,0.8650591748700365,0.1155990282572561,0.9384834168154598,0.1067365125323262
360.0,23,4,0,6,4,0.8586992589315341,0.116455207058672,0.9362671902075728,0.1070064762691692
370.0,23,4,0,6,4,0.8508461453379051,0.1175300617484562,0.9339585133192037,0.1072908974983391
380.0,23,4,0,6,4,0.8399513328171663,0.1190545167237292,0.9314846401480972,0.107600466425323
390.0,23,4,0,6,4,0.8279504479592965,0.1207801750050096,0.9288299172714614,0.107938407670956
400.0,23,4,0,6,4,0.8192124764959628,0.1220684533855397,0.926089481252074,0.1082916588138206
410.0,23,4,0,6,4,0.8019577480367216,0.1246948486311289,0.923061878002919,0.1086917366142428
420.0,23,4,0,6,4,0.7892379161597168,0.12670450564081,0.9198755931971284,0.1091206120672563
430.0,23,4,0,6,4,0.7739188142904546,0.1292125196512791,0.9164812495016244,0.109587865732001
440.0,23,4,0,6,4,0.7613095896471629,0.1313526078744733,0.9129546208685684,0.1100825189625117
450.0,23,4,0,6,4,0.75223979648269,0.1329363328922217,0.90938318032666,0.1105903814942831
460.0,23,4,0,6,4,0.734708549939166,0.1361083929243507,0.9055859057530188,0.1111451208731976
470.0,23,4,0,6,4,0.7199424842384692,0.1388999846366569,0.9016360457207944,0.1117356498894414
480.0,23,4,0,6,4,0.7061718836411901,0.1416085832876498,0.8975638756774692,0.1123580026685707
490.0,23,4,0,6,4,0.6911292998562106,0.1446907257741858,0.8933509251505048,0.1130178541605221
0.0,23,4,0,6,6,0.9982813650871594,0.1001721593703885,0.9982813650871594,0.1001721593703885
10.0,23,4,0,6,6,0.9958515787047708,0.1004165702383707,0.997066471895965,0.1002943648043796
20.0,23,4,0,6,6,0.9860619056498228,0.1014135110858979,0.993398283147251,0.1006674135648857
30.0,23,4,0,6,6,0.9707190511489991,0.103016418480336,0.987728475147688,0.1012546647937483
40.0,23,4,0,6,6,0.9645553927645668,0.1036747093532745,0.9830938586710636,0.1017386737056535
50.0,23,4,0,6,6,0.9532645751521168,0.1049026708918062,0.978122311417906,0.1022660065700123
60.0,23,4,0,6,6,0.9430620312183255,0.1060375634790552,0.9731136999608232,0.1028048004141613
70.0,23,4,0,6,6,0.9354652560711708,0.1068986788670128,0.9684076444746164,0.1033165352207677
80.0,23,4,0,6,6,0.9180750501289028,0.1089235569422776,0.9628151339917594,0.1039395376342688
90.0,23,4,0,6,6,0.909035625601784,0.1100066897089976,0.957437183152762,0.1045462528417417
100.0,23,4,0,6,6,0.9006968199670594,0.1110251505091993,0.952278968317698,0.1051352435387833
110.0,23,4,0,6,6,0.8915538483159227,0.1121637242538882,0.9472185416508836,0.1057209502650421
120.0,23,4,0,6,6,0.8738705416116248,0.114433426049099,0.9415763878017096,0.1063911407099695
130.0,23,4,0,6,6,0.866923427760604,0.1153504413398024,0.9362440335130592,0.1070310907549576
140.0,23,4,0,6,6,0.8498162929177753,0.1176724909058381,0.9304821841400402,0.1077405174316829
150.0,23,4,0,6,6,0.8430753750457373,0.1186133564802257,0.9250192585716464,0.1084200698722169
160.0,23,4,0,6,6,0.8264759455694847,0.1209956569650612,0.919222593100931,0.109159810289443
170.0,23,4,0,6,6,0.8184259869254549,0.1221857585139318,0.9136227816467378,0.1098834740796924
180.0,23,4,0,6,6,0.8077790447231724,0.1237962294927695,0.9080520586507608,0.1106157243645912
190.0,23,4,0,6,6,0.799803158412741,0.1250307640675691,0.9026396136388598,0.1113364763497401
200.0,23,4,0,6,6,0.7852509296202806,0.1273478275897825,0.8970496763046417,0.112098921646885
210.0,23,4,0,6,6,0.7732731971823849,0.1293204010747755,0.8914234727081755,0.1128817161663345
220.0,23,4,0,6,6,0.7643734955023439,0.1308260956043227,0.8858995606557479,0.1136619065766818
230.0,23,4,0,6,6,0.7563218390804598,0.1322188449848024,0.8805004889234443,0.1144351123436869
240.0,23,4,0,6,6,0.7471977691508557,0.1338333760199041,0.8751683801325407,0.1152110428907356
250.0,23,4,0,6,6,0.7413338739103994,0.13489198796828,0.8700208991239969,0.1159680023167949
260.0,23,4,0,6,6,0.7322690992018244,0.1365618187480536,0.8649189806083609,0.1167307362586934
270.0,23,4,0,6,6,0.7239631135002841,0.1381285843646242,0.8598848424973582,0.1174949451196195
280.0,23,4,0,6,6,0.7125509417336711,0.1403408432198477,0.8548043631606793,0.1182827347092826
290.0,23,4,0,6,6,0.7060761161506106,0.1416277901385201,0.8498467549270103,0.1190609032235905
300.0,23,4,0,6,6,0.698474636395885,0.1431691213814119,0.8449637833614901,0.1198385876802944
310.0,23,4,0,6,6,0.6905424200278164,0.1448136958710977,0.8401381157573129,0.120619059811257
320.0,23,4,0,6,6,0.678272403216447,0.1474333903691029,0.8352330941651654,0.1214316152827069
330.0,23,4,0,6,6,0.6673930670991283,0.1498367377933024,0.8302966227808701,0.1222670600624303
340.0,23,4,0,6,6,0.6581361171641413,0.1519442519442519,0.8253777511918208,0.1231149798304823
350.0,23,4,0,6,6,0.6462534770514604,0.1547380455982245,0.8204020769101441,0.1239933983240307
360.0,23,4,0,6,6,0.6286061677904278,0.1590821171091964,0.8152184036906923,0.1249417420749811
370.0,23,4,0,6,6,0.6120514899655383,0.1633849465926968,0.8098719059610829,0.1259534053517631
380.0,23,4,0,6,6,0.5964676667342388,0.1676536811249416,0.8044000023911639,0.127022643192101
390.0,23,4,0,6,6,0.5779294158553546,0.1730315108671129,0.7987382377277686,0.1281728648839763
400.0,23,4,0,6,6,0.5605449320216647,0.178397830909539,0.7929286449056685,0.1293978640553315
410.0,23,4,0,6,6,0.5474356375430772,0.1826698759488983,0.7870835733017975,0.1306662452908926
420.0,23,4,0,6,6,0.5307368741131158,0.188417283361184,0.7811220221578746,0.1320092926878762
430.0,23,4,0,6,6,0.5169071627260083,0.1934583368367947,0.7751171389889685,0.1334058618730788
440.0,23,4,0,6,6,0.5017823095415734,0.1992896084586155,0.7690430316679153,0.1348699451305352
450.0,23,4,0,6,6,0.4861399685805503,0.2057020744292713,0.7628929650790595,0.1364097740283338
460.0,23,4,0,6,6,0.4712142712345428,0.2122176812217681,0.7566870354227931,0.1380227082239388
470.0,23,4,0,6,6,0.4577538247566064,0.2184580326623623,0.750459260200581,0.1396984441497393
480.0,23,4,0,6,6,0.4432961202608599,0.2255828450317915,0.7441906246916071,0.1414511870248832
490.0,23,4,0,6,6,0.4307723494830732,0.2321411764705882,0.7379222591874364,0.1432649868137973
